"DbSchema_Visitor","2025-11-01T15:05:27.000+0000"
"DbSchema_Visit","2025-11-01T15:05:27.000+0000"
"DbSchema_VideoCallRecording","2025-11-01T15:05:27.000+0000"
"DbSchema_VideoCallPtcpSession","2025-11-01T15:05:27.000+0000"
"DbSchema_VideoCallPtcpRequest","2025-11-01T15:05:27.000+0000"
"DbSchema_VideoCallParticipant","2025-11-01T15:05:27.000+0000"
"DbSchema_VideoCall","2025-11-01T15:05:27.000+0000"
"DbSchema_UserTerritory2Association","2025-11-01T15:05:27.000+0000"
"DbSchema_User","2025-11-01T15:05:27.000+0000"
"DbSchema_TopicAssignment","2025-11-01T15:05:27.000+0000"
"DbSchema_Topic","2025-11-01T15:05:27.000+0000"
"DbSchema_TimePeriod","2025-11-01T15:05:27.000+0000"
"DbSchema_TerritoryUserDowntime","2025-11-01T15:05:27.000+0000"
"DbSchema_TerritoryProdtQtyAllocation","2025-11-01T15:05:27.000+0000"
"DbSchema_TerritoryAcctRcmdAction","2025-11-01T15:05:27.000+0000"
"DbSchema_TerritoryAcctProdMsgScore","2025-11-01T15:05:27.000+0000"
"DbSchema_TerritoryAccountScore","2025-11-01T15:05:27.000+0000"
"DbSchema_Territory2","2025-11-01T15:05:27.000+0000"
"DbSchema_SurveyVersion","2025-11-01T15:05:27.000+0000"
"DbSchema_SurveySubject","2025-11-01T15:05:27.000+0000"
"DbSchema_SurveyResponseOffline","2025-11-01T15:05:27.000+0000"
"DbSchema_SurveyResponse","2025-11-01T15:05:27.000+0000"
"DbSchema_SurveyQuestionResponse","2025-11-01T15:05:27.000+0000"
"DbSchema_SurveyQuestionChoice","2025-11-01T15:05:27.000+0000"
"DbSchema_SurveyQuestion","2025-11-01T15:05:27.000+0000"
"DbSchema_SurveyQstnResponseOffline","2025-11-01T15:05:27.000+0000"
"DbSchema_SurveyPage","2025-11-01T15:05:27.000+0000"
"DbSchema_SurveyInvitation","2025-11-01T15:05:27.000+0000"
"DbSchema_SurveyEngagementContext","2025-11-01T15:05:27.000+0000"
"DbSchema_Survey","2025-11-01T15:05:27.000+0000"
"DbSchema_SubjectAssignment","2025-11-01T15:05:27.000+0000"
"DbSchema_Subject","2025-11-01T15:05:27.000+0000"
"DbSchema_Sprint","2025-11-01T15:05:27.000+0000"
"DbSchema_Report","2025-11-01T15:05:27.000+0000"
"DbSchema_RecordType","2025-11-01T15:05:27.000+0000"
"DbSchema_RecordAlert","2025-11-01T15:05:27.000+0000"
"DbSchema_PrvdVstSmplLmtTransaction","2025-11-01T15:05:27.000+0000"
"DbSchema_PrvdVstSmplLmtDiscrepancy","2025-11-01T15:05:27.000+0000"
"DbSchema_PrvdClsfnLayoutAttribute","2025-11-01T15:05:27.000+0000"
"DbSchema_PrvdClsfnAttrDefinition","2025-11-01T15:05:27.000+0000"
"DbSchema_PrvdClassificationLayout","2025-11-01T15:05:27.000+0000"
"DbSchema_PrvdActvtyGoalMeasureProdt","2025-11-01T15:05:27.000+0000"
"DbSchema_PrvdAccountUserGroupInfo","2025-11-01T15:05:27.000+0000"
"DbSchema_PrvdAccountTerritorySummary","2025-11-01T15:05:27.000+0000"
"DbSchema_ProviderVisitRqstSample","2025-11-01T15:05:27.000+0000"
"DbSchema_ProviderVisitProdDiscussion","2025-11-01T15:05:27.000+0000"
"DbSchema_ProviderVisitProdDetailing","2025-11-01T15:05:27.000+0000"
"DbSchema_ProviderVisitMarketingItem","2025-11-01T15:05:27.000+0000"
"DbSchema_ProviderVisitDtlProductMsg","2025-11-01T15:05:27.000+0000"
"DbSchema_ProviderVisit","2025-11-01T15:05:27.000+0000"
"DbSchema_ProviderSmplLmtTmplAssignment","2025-11-01T15:05:27.000+0000"
"DbSchema_ProviderSampleLimitTemplate","2025-11-01T15:05:27.000+0000"
"DbSchema_ProviderSampleLimit","2025-11-01T15:05:27.000+0000"
"DbSchema_ProviderAffiliationProduct","2025-11-01T15:05:27.000+0000"
"DbSchema_ProviderAffiliation","2025-11-01T15:05:27.000+0000"
"DbSchema_ProviderActvtyPlanAdjusment","2025-11-01T15:05:27.000+0000"
"DbSchema_ProviderActivityMeasureType","2025-11-01T15:05:27.000+0000"
"DbSchema_ProviderActivityGoalMeasure","2025-11-01T15:05:27.000+0000"
"DbSchema_ProviderActivityGoal","2025-11-01T15:05:27.000+0000"
"DbSchema_ProviderAcctTerritoryInfo","2025-11-01T15:05:27.000+0000"
"DbSchema_ProviderAcctProductInfo","2025-11-01T15:05:27.000+0000"
"DbSchema_ProductionBatch","2025-11-01T15:05:27.000+0000"
"DbSchema_ProductTerritoryAvailability","2025-11-01T15:05:27.000+0000"
"DbSchema_ProductTerrDtlAvailability","2025-11-01T15:05:27.000+0000"
"DbSchema_ProductItem","2025-11-01T15:05:27.000+0000"
"DbSchema_ProductGuidance","2025-11-01T15:05:27.000+0000"
"DbSchema_ProductDisbursement","2025-11-01T15:05:27.000+0000"
"DbSchema_ProductBatchItem","2025-11-01T15:05:27.000+0000"
"DbSchema_Product2","2025-11-01T15:05:27.000+0000"
"DbSchema_PresentationPartyAccess","2025-11-01T15:05:27.000+0000"
"DbSchema_PresentationPageProduct","2025-11-01T15:05:27.000+0000"
"DbSchema_PresentationPage","2025-11-01T15:05:27.000+0000"
"DbSchema_PresentationLinkedPage","2025-11-01T15:05:27.000+0000"
"DbSchema_PresentationForum","2025-11-01T15:05:27.000+0000"
"DbSchema_PresentationClickStrmEntry","2025-11-01T15:05:27.000+0000"
"DbSchema_Presentation","2025-11-01T15:05:27.000+0000"
"DbSchema_ObjectTerritory2Association","2025-11-01T15:05:27.000+0000"
"DbSchema_Location","2025-11-01T15:05:27.000+0000"
"DbSchema_LifeScienceEmail","2025-11-01T15:05:27.000+0000"
"DbSchema_LifeScienceCustomScript","2025-11-01T15:05:27.000+0000"
"DbSchema_LifeScienceAccountListObject","2025-11-01T15:05:27.000+0000"
"DbSchema_LifeScienceAccountList","2025-11-01T15:05:27.000+0000"
"DbSchema_LifeSciStageValue","2025-11-01T15:05:27.000+0000"
"DbSchema_LifeSciStagePath","2025-11-01T15:05:27.000+0000"
"DbSchema_LifeSciStageOperationCondn","2025-11-01T15:05:27.000+0000"
"DbSchema_LifeSciStageOperationAction","2025-11-01T15:05:27.000+0000"
"DbSchema_LifeSciStageOperation","2025-11-01T15:05:27.000+0000"
"DbSchema_LifeSciStageObject","2025-11-01T15:05:27.000+0000"
"DbSchema_LifeSciStageAction","2025-11-01T15:05:27.000+0000"
"DbSchema_LifeSciProductAcctRstrc","2025-11-01T15:05:27.000+0000"
"DbSchema_LifeSciMarketableProduct","2025-11-01T15:05:27.000+0000"
"DbSchema_LifeSciEmailTmplSnapshot","2025-11-01T15:05:27.000+0000"
"DbSchema_LifeSciEmailTmplRelaFrgmt","2025-11-01T15:05:27.000+0000"
"DbSchema_LifeSciEmailTmplFragment","2025-11-01T15:05:27.000+0000"
"DbSchema_LifeSciEmailTemplate","2025-11-01T15:05:27.000+0000"
"DbSchema_LifeSciDataChgPersonaDef","2025-11-01T15:05:27.000+0000"
"DbSchema_LifeSciDataChgDefRecType","2025-11-01T15:05:27.000+0000"
"DbSchema_LifeSciDataChgDefMngFld","2025-11-01T15:05:27.000+0000"
"DbSchema_LifeSciDataChangeRequest","2025-11-01T15:05:27.000+0000"
"DbSchema_LifeSciDataChangeDef","2025-11-01T15:05:27.000+0000"
"DbSchema_LifeSciAcctListFilterCrit","2025-11-01T15:05:27.000+0000"
"DbSchema_LifeSciAccountListMember","2025-11-01T15:05:27.000+0000"
"DbSchema_LifeSciAccountListColumn","2025-11-01T15:05:27.000+0000"
"DbSchema_InventoryOperation","2025-11-01T15:05:27.000+0000"
"DbSchema_InventoryCntProdtBatchItem","2025-11-01T15:05:27.000+0000"
"DbSchema_InquiryQuestionAnswer","2025-11-01T15:05:27.000+0000"
"DbSchema_InquiryQuestion","2025-11-01T15:05:27.000+0000"
"DbSchema_Inquiry","2025-11-01T15:05:27.000+0000"
"DbSchema_Holiday","2025-11-01T15:05:27.000+0000"
"DbSchema_HealthcareProviderSpecialty","2025-11-01T15:05:27.000+0000"
"DbSchema_HealthcareProviderNpi","2025-11-01T15:05:27.000+0000"
"DbSchema_HealthcareProvider","2025-11-01T15:05:27.000+0000"
"DbSchema_HealthcareFacility","2025-11-01T15:05:27.000+0000"
"DbSchema_GroupMember","2025-11-01T15:05:27.000+0000"
"DbSchema_Group","2025-11-01T15:05:27.000+0000"
"DbSchema_GoalDefinitionProduct","2025-11-01T15:05:27.000+0000"
"DbSchema_GoalDefinition","2025-11-01T15:05:27.000+0000"
"DbSchema_GoalAssignment","2025-11-01T15:05:27.000+0000"
"DbSchema_Folder","2025-11-01T15:05:27.000+0000"
"DbSchema_ExpenseType","2025-11-01T15:05:27.000+0000"
"DbSchema_ExpenseParticipant","2025-11-01T15:05:27.000+0000"
"DbSchema_Expense","2025-11-01T15:05:27.000+0000"
"DbSchema_EventRelation","2025-11-01T15:05:27.000+0000"
"DbSchema_Event","2025-11-01T15:05:27.000+0000"
"DbSchema_EngagementChannelType","2025-11-01T15:05:27.000+0000"
"DbSchema_DigitalSignature","2025-11-01T15:05:27.000+0000"
"DbSchema_DeviceSyncTransactionRecord","2025-11-01T15:05:27.000+0000"
"DbSchema_DataUsePurpose","2025-11-01T15:05:27.000+0000"
"DbSchema_Dashboard","2025-11-01T15:05:27.000+0000"
"DbSchema_ContentVersion","2025-11-01T15:05:27.000+0000"
"DbSchema_ContentDocumentLink","2025-11-01T15:05:27.000+0000"
"DbSchema_ContentDocument","2025-11-01T15:05:27.000+0000"
"DbSchema_ContactPointSocial","2025-11-01T15:05:27.000+0000"
"DbSchema_ContactPointPhone","2025-11-01T15:05:27.000+0000"
"DbSchema_ContactPointEmail","2025-11-01T15:05:27.000+0000"
"DbSchema_ContactPointBestContactTime","2025-11-01T15:05:27.000+0000"
"DbSchema_ContactPointAddress","2025-11-01T15:05:27.000+0000"
"DbSchema_Contact","2025-11-01T15:05:27.000+0000"
"DbSchema_ComplianceStatementDef","2025-11-01T15:05:27.000+0000"
"DbSchema_CommSubscriptionConsent","2025-11-01T15:05:27.000+0000"
"DbSchema_CommSubscriptionChannelType","2025-11-01T15:05:27.000+0000"
"DbSchema_CommSubscription","2025-11-01T15:05:27.000+0000"
"DbSchema_CommSubConsentCmplSnpsht","2025-11-01T15:05:27.000+0000"
"DbSchema_CodeSetBundle","2025-11-01T15:05:27.000+0000"
"DbSchema_Case","2025-11-01T15:05:27.000+0000"
"DbSchema_CareSpecialty","2025-11-01T15:05:27.000+0000"
"DbSchema_BusinessLicenseProduct","2025-11-01T15:05:27.000+0000"
"DbSchema_BusinessLicense","2025-11-01T15:05:27.000+0000"
"DbSchema_AppAlertUserResponse","2025-11-01T15:05:27.000+0000"
"DbSchema_AppAlertTerritory","2025-11-01T15:05:27.000+0000"
"DbSchema_AppAlert","2025-11-01T15:05:27.000+0000"
"DbSchema_Address","2025-11-01T15:05:27.000+0000"
"DbSchema_ActivityPlanTerritory","2025-11-01T15:05:27.000+0000"
"DbSchema_ActivityPlan","2025-11-01T15:05:27.000+0000"
"DbSchema_ActionPlanTemplateItem","2025-11-01T15:05:27.000+0000"
"DbSchema_ActionPlanTemplateAssignment","2025-11-01T15:05:27.000+0000"
"DbSchema_ActionPlanTemplate","2025-11-01T15:05:27.000+0000"
"DbSchema_ActionPlanItem","2025-11-01T15:05:27.000+0000"
"DbSchema_ActionPlan","2025-11-01T15:05:27.000+0000"
"DbSchema_AcctPlanPtcpStakeholder","2025-11-01T15:05:27.000+0000"
"DbSchema_AccountPlanStkhldrProduct","2025-11-01T15:05:27.000+0000"
"DbSchema_AccountPlanStkhldrAction","2025-11-01T15:05:27.000+0000"
"DbSchema_AccountPlanStakeholder","2025-11-01T15:05:27.000+0000"
"DbSchema_AccountPlanRelationship","2025-11-01T15:05:27.000+0000"
"DbSchema_AccountPlanRelaObjAnalysis","2025-11-01T15:05:27.000+0000"
"DbSchema_AccountPlanProduct","2025-11-01T15:05:27.000+0000"
"DbSchema_AccountPlanParticipant","2025-11-01T15:05:27.000+0000"
"DbSchema_AccountPlanObjective","2025-11-01T15:05:27.000+0000"
"DbSchema_AccountPlan","2025-11-01T15:05:27.000+0000"
"DbSchema_Account","2025-11-01T15:05:27.000+0000"
"DbSchema_InventoryOperationr","2025-11-01T07:33:18.000+0000"
